{
  "run": "hybrid+rerank-8b",
  "nli": "cross-encoder/nli-deberta-v3-base",
  "n_questions": 26,
  "citation_precision": 0.3076923076923077,
  "citation_recall": 0.3012820512820513,
  "citation_f1": 0.2974358974358974,
  "total_citations": 25,
  "total_hallucinated": 3,
  "ts": "2026-07-06T21:26:49.470911+00:00"
}